<?xml version="1.0" encoding="UTF-8"?>
<!DOCTYPE tiles-definitions PUBLIC
"-//Apache Software Foundation//DTD Tiles Configuration 3.0//EN"
"http://tiles.apache.org/dtds/tiles-config_3_0.dtd">
<tiles-definitions>
   <definition name="layout1" template="/WEB-INF/layout/layout1.jsp">
      <put-attribute name="title" value="/WEB-INF/layout/title.jsp"/>
      <put-attribute name="menu" value="/WEB-INF/layout/menu.jsp"/>
      <put-attribute name="main" value="/WEB-INF/layout/main.jsp"/>
      <put-attribute name="info" value="/WEB-INF/layout/info.jsp"/>
   </definition>
   
   <!-- <definition name="home.tiles" extends="layout1">
     <put-attribute name="main" value="/WEB-INF/layout/main.jsp"/>
   </definition>
   
   <definition name="list.tiles" extends="layout1">
     <put-attribute name="main" value="/WEB-INF/board/list.jsp"/>
   </definition>
   
   <definition name="input.tiles" extends="layout1">
     <put-attribute name="main" value="/WEB-INF/board/addform.jsp"/>
   </definition> -->
   
   <!--wild card  -->
   <definition name="/*/*" extends="layout1">
     <put-attribute name="main" value="/WEB-INF/{1}/{2}.jsp"/>
   </definition> 
   
   
   <!-- 레이아웃2 -->
   <definition name="layout2" template="/WEB-INF/layout/layout2.jsp">
      <put-attribute name="title2" value="/WEB-INF/layout/title2.jsp"/>
      <put-attribute name="menu2" value="/WEB-INF/layout/menu2.jsp"/>
      <put-attribute name="main" value="/WEB-INF/layout/main.jsp"/>
      
   </definition>
   
   
   <!--wild card  레이아웃2-->
   <definition name="/2/*/*" extends="layout2">
     <put-attribute name="main" value="/WEB-INF/{1}/{2}.jsp"/>
   </definition> 
   
   
   
   
</tiles-definitions>