<?xml version="1.0" encoding="UTF-8"?>
<!DOCTYPE mapper
  PUBLIC "-//mybatis.org//DTD Mapper 3.0//EN"
  "http://mybatis.org/dtd/mybatis-3-mapper.dtd">
  <!-- mapper 경로로 설정해줘야 됨 -->
<mapper namespace="boot.data.mapper.MbanswerMapperInter">
	<insert id="insertMbanswer" parameterType="mbdto">
		insert into mbanswer values(null, #{num}, #{name},#{myid},#{content},now())
	</insert>
	<select id="getAllAnswers" parameterType="String" resultType="mbdto">
		select * from mbanswer where num=#{num} order by idx desc
	</select>
	<select id="getAnswer" parameterType="String" resultType="mbdto">
		select * from mbanswer where idx=#{idx} 
	</select>
	<update id="updateMbanswer" parameterType="mbdto">
		update mbanswer set content=#{content} where idx=#{idx}
	</update>
	<delete id="deleteAnswer" parameterType="String">
		delete from mbanswer where idx=#{idx}
	</delete>
</mapper>