<?xml version="1.0" encoding="UTF-8"?>
<!DOCTYPE mapper
  PUBLIC "-//mybatis.org//DTD Mapper 3.0//EN"
  "http://mybatis.org/dtd/mybatis-3-mapper.dtd">
  <!-- mapper 경로로 설정해줘야 됨 -->
<mapper namespace="boot.data.mapper.MemberMapperInter">
	<insert id="insertMember" parameterType="member">
		insert into bootmember values(null,#{name},#{id},#{pass},#{photo},#{hp},#{addr},#{email},now())
	</insert>
	<select id="getAllMembers" resultType="member">
		select * from bootmember order by id
	</select>
	<select id="getSerchId" parameterType="String" resultType="int">
		select count(*) from bootmember where id=#{id}
	</select>
	<select id="totalCount" resultType="int">
		select count(*) from bootmember
	</select>
	<delete id="deleteMember" parameterType="String">
		delete from bootmember where num=#{num}
	</delete>
	<select id="getDataByNum" parameterType="String" resultType="member">
		select * from bootmember where num=#{num}
	</select>
	<!-- <update id="updateMember" parameterType="member">
		update bootmember set  name=#{name}, pass=#{pass}, hp=#{hp}, addr=#{addr}, email=#{email}
		<if test="photo!=null">
			,photo=#{photo}
		</if>
		where num=#{num}
	</update> -->
	<select id="getName" parameterType="String" resultType="String">
		select name from bootmember where id=#{id}
	</select>
	<select id="loginPassCheck" parameterType="Map" resultType="int">
		select count(*) from bootmember where id=#{id} and pass=#{pass}
	</select>
	<select id="getDataById" parameterType="String" resultType="member">
		select * from bootmember where id=#{id}
	</select>
	<update id="updatePhoto" parameterType="Map">
		update bootmember set photo=#{photo} where num=#{num}
	</update>
	<update id="updateMember" parameterType="member">
		update bootmember set  name=#{name}, hp=#{hp}, addr=#{addr}, email=#{email} where num=#{num}
	</update>
</mapper>