<?xml version="1.0" encoding="UTF-8"?>
<!DOCTYPE mapper
  PUBLIC "-//mybatis.org//DTD Mapper 3.0//EN"
  "http://mybatis.org/dtd/mybatis-3-mapper.dtd">
  <mapper namespace="boot.data.mapper.MemBoardMapperInter">
  	<select id="getTotalCount" resultType="int">
  	  select count(*) from memboard
  	</select>
  	<update id="updatereadcount" parameterType="String">
  	  update memboard set readcount=readcount+1 where num=#{num}
  	</update>
  	<insert id="insertBoard" parameterType="memboard">
  	  insert into memboard (myid,name,subject,content,uploadfile,writeday) values (#{myid},#{name},#{subject},#{content},#{uploadfile},now())
  	</insert>
  	<select id="getData" parameterType="String" resultType="memboard">
  	  select * from memboard where num=#{num}
  	</select>
  	<select id="getMaxNum" resultType="int">
  		select ifnull(max(num),0) from memboard
  	</select>
  	<select id="getList" parameterType="HashMap" resultType="memboard">
  	  select * from memboard order by num desc limit #{start},#{perpage}
  	</select>
  </mapper>