<?xml version="1.0" encoding="UTF-8"?>
<!DOCTYPE mapper
  PUBLIC "-//mybatis.org//DTD Mapper 3.0//EN"
  "http://mybatis.org/dtd/mybatis-3-mapper.dtd">
<mapper namespace="data.model.mapper.MarketMapperInter">
	<select id="getTotalCount" resultType="int">
		select count(*) from market
	</select>
	<select id="getAllSangpums" resultType="mdto">
		select * from market order by sang
	</select>
	<insert id="insertMarket" parameterType="mdto">
		insert into market values(null,#{sang},#{price},#{photoname},now())
	</insert>
	<select id="getData" parameterType="String" resultType="mdto">
		select * from market where num=#{num}
	</select>
	<update id="updateMarket" parameterType="mdto">
		update market set sang=#{sang}, price=#{price}
		<if test="photoname!='no'">
			, photoname=#{photoname}
		</if>
		where num=#{num}
	</update>
	<delete id="deleteMarket" parameterType="String">
		delete from market where num=#{num}
	</delete>
</mapper>
